Member,Description
M09736,Other Sauces
M09736,Cashews
M09736,Other Dals
M09736,Namkeen
M09736,Sugar
M09736,Banana
M09736,Sugar Cubes
M09736,Other Sweets
M09736,Other Dals
M09736,Other Rice Products
M09736,Other Rice Products
M09736,Namkeen
M09736,Utensil Scrub Pads
M09736,Other Rice Products
M09736,Toor Dal
M09736,Buns & Pavs
M09736,Cakes
M09736,Other Dals
M09736,Boiled Rice
M09736,Urad Dal
M09736,Boiled Rice
M09736,Jaggery
M09736,Other Dals
M09736,Other Dals
M09736,Raisins
M09736,Chips
M09736,Other Dals
M09736,Almonds
M09736,Sugar
M09736,Jaggery
M09736,Root Vegetables
M09736,Cakes
M09736,Urad Dal
M09736,Namkeen
M09736,Other Vegetables
M09736,Moong Dal
M09736,Banana
M09736,Other Dals
M09736,Raisins
M09736,Toor Dal
M09736,Cashews
M09736,Cashews
M09736,Healthy Snacks
M09736,Banana
M09736,Cashews
M09736,Other Rice Products
M09736,Cashews
M09736,Cashews
M09736,Raw Peanuts
M09736,Sugar Cubes
M09736,Other Rice Products
M09736,Moong Dal
M09736,Mosquito Repellent
M09736,Other Rice Products
M09736,Boiled Rice
M09736,Other Dals
M09736,Whole Spices
M09736,Sugar
M09736,Sugar Cubes
M09736,Whole Spices
M09736,Urad Dal
M09736,Whole Spices
M09736,Soya Products
M09736,Beans
M09736,Other Dals
M09736,Other Vegetables
M09736,Moong Dal
M09736,Namkeen
M09736,Beans
M09736,Health Drinks
M09736,Banana
M09736,Liquid Soaps & Bars
M09736,Sugar Cubes
M09736,Toor Dal
M09736,Washing Bars
M09736,Root Vegetables
M09736,Other Dals
M09736,Boiled Rice
M09736,Other Rice Products
M09736,Other Rice Products
M09736,Chips
M09736,Namkeen
M09736,Namkeen
M09736,Root Vegetables
M09736,Sugar
M09736,Namkeen
M09736,Ghee
M09736,Banana
M09736,Healthy Snacks
M09736,Organic F&V
M09736,Sunflower Oils
M09736,Other Rice Products
M09736,Namkeen
M09736,Banana
M09736,Sugar Cubes
M09736,Other Rice Products
M09736,Namkeen
M09736,Root Vegetables
M09736,Beans
M09736,Sugar
M09736,Boiled Rice
M09736,Banana
M09736,Urad Dal
M09736,Raisins
M09736,Shoe Polish
M09736,Banana
M09736,Namkeen
M09736,Cashews
M09736,Other Vegetables
M09736,Beans
M09736,Liquid Soaps & Bars
M09736,Whole Spices
M09736,Sugar
M09736,Other Dals
M09736,Whole Spices
M09736,Urad Dal
M09736,Sugar Cubes
M09736,Namkeen
M09736,Toor Dal
M09736,Boiled Rice
M09736,Whole Spices
M09736,Cream Biscuits
M09736,Other Vegetables
M09736,Whole Spices
M09736,Jaggery
M09736,Beans
M09736,Cookies
M09736,Namkeen
M09736,Sugar
M09736,Banana
M09736,Namkeen
M09736,Other Dals
M09736,Other Dals
M09736,Sugar Cubes
M09736,Namkeen
M09736,Urad Dal
M09736,Other Rice Products
M09736,Other Dals
M09736,Boiled Rice
M09736,Sugar
M09736,Toor Dal
M09736,Other Rice Products
M09736,Soya Products
M09736,Banana
M09736,Mosquito Repellent
M09736,Beans
M09736,Urad Dal
M09736,Other Vegetables
M09736,Root Vegetables
M09736,Sugar
M09736,Organic F&V
M09736,Root Vegetables
M09736,Soya Products
M09736,Snacky Nuts
M09736,Other Dals
M09736,Cashews
M09736,Toor Dal
M09736,Beans
M09736,Other Dals
M09736,Other Rice Products
M09736,Whole Spices
M09736,Whole Spices
M09736,Whole Spices
M09736,Whole Spices
M09736,Urad Dal
M09736,Liquid Soaps & Bars
M09736,Other Rice Products
M09736,Avalakki / Poha
M09736,Whole Spices
M09736,Sugar
M09736,Besan
M09736,Boiled Rice
M09736,Other Dals
M09736,Raw Rice
M09736,Snacky Nuts
M09736,Other Rice Products
M09736,Banana
M09736,Other Dals
M09736,Other Vegetables
M09736,Whole Spices
M09736,Banana
M09736,Other Vegetables
M09736,Washing Bars
M09736,Urad Dal
M09736,Cashews
M09736,Powdered Spices
M09736,Other Rice Products
M09736,Moong Dal
M09736,Snacky Nuts
M09736,Moong Dal
M09736,Other Dals
M09736,Raisins
M09736,Root Vegetables
M09736,Boiled Rice
M09736,Eggs
M09736,Sugar
M09736,Beans
M09736,Almonds
M09736,Banana
M09736,Cookies
M09736,Jaggery
M09736,Namkeen
M09736,Toor Dal
M09736,Eggs
M09736,Root Vegetables
M09736,Sugar Cubes
M09736,Banana
M09736,Snacky Nuts
M09736,Root Vegetables
M09736,Beans
M09736,Raisins
M09736,Other Dals
M09736,Toor Dal
M09736,Other Vegetables
M09736,Banana
M09736,Namkeen
M09736,Liquid Soaps & Bars
M09736,Whole Spices
M09736,Beans
M09736,Root Vegetables
M09736,Root Vegetables
M09736,Beans
M09736,Sugar
M09736,Snacky Nuts
M09736,Sugar
M09736,Corn Snacks
M09736,Boiled Rice
M09736,Banana
M09736,Whole Spices
M09736,Other Rice Products
M09736,Whole Spices
M09736,Cashews
M09736,Beans
M09736,Sunflower Oils
M09736,Root Vegetables
M09736,Almonds
M09736,Root Vegetables
M09736,Banana
M09736,Namkeen
M09736,Snacky Nuts
M09736,Other Vegetables
M09736,Soya Products
M09736,Washing Bars
M09736,Other Dals
M09736,Beans
M09736,Whole Spices
M09736,Other Rice Products
M09736,Whole Spices
M09736,Boiled Rice
M09736,Sugar Cubes
M09736,Sugar
M09736,Urad Dal
M09736,Namkeen
M09736,Sugar Cubes
M09736,Banana
M09736,Ghee
M09736,Liquid Soaps & Bars
M09736,Snacky Nuts
M09736,Other Dals
M09736,Corn Snacks
M09736,Boiled Rice
M09736,Beans
M09736,Root Vegetables
M09736,Raisins
M09736,Beans
M09736,Sugar
M09736,Urad Dal
M09736,Other Vegetables
M09736,Raw Peanuts
M09736,Bread
M09736,Banana
M09736,Snacky Nuts
M09736,Banana
M09736,Other Dals
M09736,Urad Dal
M09736,Sugar Cubes
M09736,Root Vegetables
M09736,Toor Dal
M09736,Boiled Rice
M09736,Other Rice Products
M09736,Sugar
M09736,Banana
M09736,Other Rice Products
M09736,Other Dals
M09736,Other Dals
M09736,Cream Biscuits
M09736,Other Vegetables
M09736,Beans
M09736,Urad Dal
M09736,Sunflower Oils
M09736,Toor Dal
M09736,Root Vegetables
M09736,Instant Noodles
M09736,Banana
M09736,Boiled Rice
M09736,Liquid Soaps & Bars
M09736,Sugar
M09736,Cakes
M09736,Jaggery
M09736,Whole Spices
M09736,Besan
M09736,Namkeen
M09736,Other Vegetables
M09736,Whole Spices
M09736,Cream Biscuits
M09736,Beans
M09736,Whole Spices
M09736,Cakes
M09736,Banana
M09736,Other Rice Products
M09736,Beans
M09736,Sugar Cubes
M09736,Urad Dal
M09736,Sunflower Oils
M09736,Bread
M09736,Eggs
M09736,Root Vegetables
M09736,Other Dals
M09736,Raisins
M09736,Other Vegetables
M09736,Liquid Soaps & Bars
M09736,Snacky Nuts
M09736,Other Vegetables
M09736,Sooji & Rava
M09736,Banana
M09736,Sugar
M09736,Banana
M09736,Boiled Rice
M09736,Cashews
M09736,Whole Spices
M09736,Beans
M09736,Root Vegetables
M09736,Jaggery
M09736,Liquid Soaps & Bars
M09736,Raisins
M09736,Sugar Cubes
M09736,Other Rice Products
M09736,Cakes
M09736,Sugar
M09736,Raisins
M09736,Gourd & Cucumber
M09736,Health Drinks
M09736,Moong Dal
M09736,Moong Dal
M09736,Washing Bars
M09736,Boiled Rice
M09736,Snacky Nuts
M09736,"Shaving Cream, Foam & Gels"
M09736,Sugar Cubes
M09736,Namkeen
M09736,Banana
M09736,Root Vegetables
M09736,Snacky Nuts
M09736,Banana
M09736,Eggs
M09736,Sugar
M09736,Beans
M09736,Other Vegetables
M09736,Liquid Soaps & Bars
M09736,Urad Dal
M09736,Sugar Cubes
M09736,Raisins
M09736,Washing Bars
M09736,Snacky Nuts
M09736,Bread
M09736,Cashews
M09736,Namkeen
M09736,Banana
M09736,Snacky Nuts
M09736,Sugar Cubes
M09736,Soya Products
M09736,Other Vegetables
M09736,Urad Dal
M09736,Cream Biscuits
M09736,Other Dals
M09736,Raisins
M09736,Moong Dal
M09736,Other Rice Products
M09736,Toor Dal
M09736,Beans
M09736,Root Vegetables
M09736,Sugar
M09736,Banana
M09736,Root Vegetables
M09736,Raisins
M09736,Raisins
M09736,Cakes
M09736,Other Vegetables
M09736,Namkeen
M09736,Beans
M09736,Sugar Cubes
M09736,Snacky Nuts
M09736,Beans
M09736,Jaggery
M09736,Other Sweets
M09736,Sugar
M09736,Bread
M09736,Banana
M09736,Root Vegetables
M09736,Brinjals
M09736,Other Dals
M09736,Banana
M09736,Whole Spices
M09736,Beans
M09736,Whole Spices
M09736,Bread
M09736,Other Rice Products
M09736,Boiled Rice
M09736,Root Vegetables
M09736,Almonds
M09736,Snacky Nuts
M09736,Banana
M09736,Beans
M09736,Toor Dal
M09736,Almonds
M09736,Other Dals
M09736,Root Vegetables
M09736,Other Dals
M09736,Sugar Cubes
M09736,Beans
M09736,Boiled Rice
M09736,Sugar
M09736,Other Vegetables
M09736,Other Rice Products
M09736,Snacky Nuts
M09736,Bread
M09736,Eggs
M09736,Namkeen
M09736,Eggs
M09736,Namkeen
M09736,Banana
M09736,Other Dals
M09736,Beans
M09736,Gourd & Cucumber
M09736,Root Vegetables
M09736,Brinjals
M09736,Beans
M09736,Other Vegetables
M09736,Soya Products
M09736,Hair Oil
M09736,Raisins
M09736,Banana
M09736,Sugar Cubes
M09736,Other Dals
M09736,Eggs
M09736,Bread
M09736,Beans
M09736,Namkeen
M09736,Liquid Soaps & Bars
M09736,Cream Biscuits
M09736,Urad Dal
M09736,Ground Coffee
M09736,Boiled Rice
M09736,Whole Spices
M09736,Sugar
M09736,Almonds
M09736,Raisins
M09736,Avalakki / Poha
M09736,Snacky Nuts
M09736,Other Dals
M09736,Other Rice Products
M09736,Root Vegetables
M09736,Raisins
M09736,Banana
M09736,Gourd & Cucumber
M09736,Beans
M09736,Soya Products
M09736,Boiled Rice
M09736,Sugar Cubes
M09736,Raisins
M09736,Other Dals
M09736,Eggs
M09736,Beans
M09736,Root Vegetables
M09736,Liquid Soaps & Bars
M09736,Corn Snacks
M09736,Ghee
M09736,Almonds
M09736,Other Vegetables
M09736,Snacky Nuts
M09736,Shoe Polish
M09736,Eggs
M09736,Washing Bars
M09736,Beans
M09736,Whole Spices
M09736,Raisins
M09736,Sugar
M09736,Urad Dal
M09736,Other Dry Fruits
M09736,Cream Biscuits
M09736,Eggs
M09736,Whole Spices
M09736,Snacky Nuts
M09736,Root Vegetables
M09736,Banana
M09736,Corn Snacks
M09736,Raisins
M09736,Snacky Nuts
M09736,Cashews
M09736,Other Dals
M09736,Bread
M09736,Sugar Cubes
M09736,Beans
M09736,Root Vegetables
M09736,Beans
M09736,Corn Snacks
M09736,Sugar
M09736,Eggs
M09736,Toor Dal
M09736,Banana
M09736,Other Rice Products
M09736,Basmati Rice
M09736,Bread
M09736,Urad Dal
M09736,Beans
M09736,Corn Snacks
M09736,Namkeen
M09736,Banana
M09736,Sugar
M09736,Boiled Rice
M09736,Snacky Nuts
M09736,Other Dals
M09736,Liquid Soaps & Bars
M09736,Whole Spices
M09736,Whole Spices
M09736,Jaggery
M09736,Root Vegetables
M09736,Other Rice Products
M09736,Liquid Soaps & Bars
M09736,Other Vegetables
M09736,Corn Snacks
M09736,Raisins
M09736,Sugar Cubes
M09736,Beans
M09736,Beans
M09736,Snacky Nuts
M09736,Snacky Nuts
M09736,Banana
M09736,Cream Biscuits
M09736,Corn Snacks
M09736,Root Vegetables
M09736,Brinjals
M09736,Gourd & Cucumber
M09736,Sugar
M09736,Banana
M09736,Moong Dal
M09736,Cream Biscuits
M09736,Beans
M09736,Corn Snacks
M09736,Root Vegetables
M09736,Liquid Soaps & Bars
M09736,Soya Products
M09736,Almonds
M09736,Other Dals
M09736,Namkeen
M09736,Bread
M09736,Other Vegetables
M09736,Corn Snacks
M09736,Eggs
M09736,Gourd & Cucumber
M09736,Face Wash
M09736,Urad Dal
M09736,Bread
M09736,Other Rice Products
M09736,Eggs
M09736,Beans
M09736,Root Vegetables
M09736,Banana
M09736,Whole Spices
M09736,Raisins
M09736,Other Vegetables
M09736,Yogurt & Lassi
M09736,Root Vegetables
M09736,Corn Snacks
M09736,Washing Bars
M09736,Beans
M09736,Corn Snacks
M09736,Eggs
M09736,Raisins
M09736,Corn Snacks
M09736,Beans
M09736,Other Vegetables
M09736,Eggs
M09736,Namkeen
M09736,Banana
M09736,Root Vegetables
M09736,Root Vegetables
M09736,Wafers
M09736,Liquid Soaps & Bars
M09736,Other Dry Fruits
M09736,Cashews
M09736,Liquid Soaps & Bars
M09736,Other Dals
M09736,Washing Bars
M09736,Whole Spices
M09736,Bread
M09736,Boiled Rice
M09736,Other Vegetables
M09736,Sugar
M09736,Boiled Rice
M09736,Bread
M09736,Whole Spices
M09736,Cashews
M09736,Ground Coffee
M09736,Namkeen
M09736,Whole Spices
M09736,Other Dals
M09736,Other Rice Products
M09736,Wafers
M09736,Cream Biscuits
M09736,Banana
M09736,Instant Pastas
M09736,Eggs
M09736,Soya Products
M09736,Jaggery
M09736,Root Vegetables
M09736,Instant Pastas
M09736,Namkeen
M09736,Eggs
M09736,Sugar
M09736,Other Rice Products
M09736,Beans
M09736,Root Vegetables
M09736,Root Vegetables
M09736,Banana
M09736,Other Vegetables
M39021,Sunflower Oils
M39021,Brinjals
M39021,Root Vegetables
M39021,Other Vegetables
M39021,Whole Spices
M39021,Gourd & Cucumber
M39021,Beans
M39021,Toor Dal
M39021,Other Sweets
M39021,Avalakki / Poha
M39021,Beans
M39021,Sunflower Oils
M39021,Other Vegetables
M39021,Beans
M39021,Boiled Rice
M39021,Root Vegetables
M39021,Whole Spices
M39021,Other Dals
M39021,Whole Spices
M39021,Gourd & Cucumber
M39021,Urad Dal
M39021,Raw Peanuts
M39021,Gourd & Cucumber
M39021,Beans
M39021,Sunflower Oils
M39021,Toor Dal
M39021,Beans
M39021,Gourd & Cucumber
M39021,Other Vegetables
M39021,Beans
M39021,Gourd & Cucumber
M39021,Avalakki / Poha
M39021,Other Vegetables
M39021,Avalakki / Poha
M39021,Beans
M39021,Boiled Rice
M39021,Sunflower Oils
M39021,Root Vegetables
M39021,Other Dals
M39021,Urad Dal
M39021,Brinjals
M39021,Gourd & Cucumber
M39021,Toor Dal
M39021,Toor Dal
M39021,Root Vegetables
M39021,Gourd & Cucumber
M39021,Sunflower Oils
M39021,Cooking Paste
M39021,Other Rice Products
M39021,Boiled Rice
M39021,Brinjals
M39021,Other Vegetables
M39021,Avalakki / Poha
M39021,Beans
M39021,Sunflower Oils
M39021,Root Vegetables
M39021,Sooji & Rava
M39021,Avalakki / Poha
M39021,Beans
M39021,Toor Dal
M39021,Gourd & Cucumber
M39021,Other Vegetables
M39021,Gourd & Cucumber
M39021,Beans
M39021,Gourd & Cucumber
M39021,Beans
M39021,Other Dals
M39021,Toor Dal
M39021,Other Vegetables
M39021,Sunflower Oils
M39021,Brinjals
M39021,Urad Dal
M39021,Avalakki / Poha
M39021,Raw Peanuts
M39021,Cooking Paste
M39021,Cooking Paste
M39021,Sunflower Oils
M39021,Beans
M39021,Sooji & Rava
M39021,Avalakki / Poha
M39021,Other Vegetables
M39021,Brinjals
M39021,Whole Spices
M39021,Root Vegetables
M39021,Cooking Paste
M39021,Root Vegetables
M39021,Beans
M39021,Other Vegetables
M39021,Gourd & Cucumber
M39021,Sunflower Oils
M39021,Toor Dal
M39021,Urad Dal
M39021,Whole Spices
M39021,Whole Spices
M39021,Whole Spices
M39021,Toor Dal
M39021,Whole Spices
M39021,Gourd & Cucumber
M39021,Raw Peanuts
M39021,Sunflower Oils
M39021,Beans
M39021,Boiled Rice
M39021,Root Vegetables
M39021,Whole Spices
M39021,Sunflower Oils
M39021,Other Rice Products
M39021,Root Vegetables
M39021,Other Vegetables
M39021,Boiled Rice
M39021,Brinjals
M39021,Root Vegetables
M39021,Beans
M39021,Root Vegetables
M39021,Toor Dal
M39021,Other Flours
M39021,Other Vegetables
M39021,Urad Dal
M39021,Sunflower Oils
M39021,Other Vegetables
M39021,Cooking Paste
M39021,Other Rice Products
M39021,Gourd & Cucumber
M39021,Boiled Rice
M39021,Other Dals
M39021,Urad Dal
M39021,Sunflower Oils
M39021,Sugar
M39021,Avalakki / Poha
M39021,Sunflower Oils
M39021,Avalakki / Poha
M39021,Beans
M39021,Root Vegetables
M39021,Sugar
M39021,Root Vegetables
M39021,Root Vegetables
M39021,Brinjals
M39021,Sunflower Oils
M39021,Beans
M39021,Brinjals
M39021,Urad Dal
M39021,Other Rice Products
M39021,Boiled Rice
M39021,Whole Spices
M39021,Whole Spices
M39021,Raw Rice
M39021,Avalakki / Poha
M39021,Shaving Brush
M39021,Whole Spices
M39021,Bread
M39021,Root Vegetables
M39021,Brinjals
M39021,Brinjals
M39021,Other Vegetables
M39021,Bread
M39021,Sunflower Oils
M39021,Beans
M39021,Mosquito Repellent
M39021,Brinjals
M39021,Gourd & Cucumber
M39021,Sunflower Oils
M39021,Bread
M39021,Root Vegetables
M39021,Namkeen
M39021,Bread
M39021,Beans
M39021,Brinjals
M39021,Other Vegetables
M39021,Chilli & Soya Sauces
M39021,Other Dry Fruits
M39021,Other Dry Fruits
M39021,Avalakki / Poha
M39021,Sunflower Oils
M39021,Mosquito Repellent
M39021,Avalakki / Poha
M39021,Root Vegetables
M39021,Root Vegetables
M39021,Raw Rice
M39021,Brinjals
M39021,Other Vegetables
M39021,Raw Peanuts
M39021,Toor Dal
M39021,Sunflower Oils
M39021,Brinjals
M39021,Brinjals
M39021,Beans
M39021,Other Vegetables
M39021,Sunflower Oils
M39021,Root Vegetables
M39021,Other Vegetables
M39021,Brinjals
M39021,Bread
M39021,Bread
M39021,Gourd & Cucumber
M39021,Brinjals
M39021,Jaggery
M39021,Other Vegetables
M39021,Root Vegetables
M39021,Sunflower Oils
M39021,Toor Dal
M39021,Beans
M39021,Cooking Paste
M39021,Gourd & Cucumber
M39021,Toor Dal
M39021,Other Rice Products
M39021,Urad Dal
M39021,Beans
M39021,Boiled Rice
M39021,Other Vegetables
M39021,Brinjals
M39021,Root Vegetables
M39021,Sunflower Oils
M39021,Beans
M39021,Other Vegetables
M39021,Beans
M39021,Brinjals
M39021,Other Dry Fruits
M39021,Gourd & Cucumber
M39021,Jaggery
M39021,Root Vegetables
M39021,Beans
M39021,Boiled Rice
M39021,Brinjals
M39021,Raw Peanuts
M39021,Sunflower Oils
M39021,Beans
M39021,Sooji & Rava
M39021,Root Vegetables
M39021,Other Vegetables
M39021,Other Vegetables
M39021,Sunflower Oils
M39021,Sugar
M39021,Avalakki / Poha
M39021,Root Vegetables
M39021,Toor Dal
M39021,Gourd & Cucumber
M39021,Other Rice Products
M39021,Sunflower Oils
M39021,Root Vegetables
M39021,Beans
M39021,Beans
M39021,Boiled Rice
M39021,Other Vegetables
M39021,Root Vegetables
M39021,Toor Dal
M39021,Moong Dal
M39021,Beans
M39021,Other Vegetables
M39021,Toor Dal
M39021,Root Vegetables
M39021,Root Vegetables
M39021,Raw Peanuts
M39021,Other Vegetables
M39021,Sunflower Oils
M39021,Beans
M39021,Beans
M39021,Beans
M39021,Sunflower Oils
M39021,Root Vegetables
M39021,Avalakki / Poha
M39021,Other Vegetables
M39021,Other Dals
M39021,Brinjals
M39021,Sunflower Oils
M39021,Other Dals
M39021,Gourd & Cucumber
M39021,Toor Dal
M39021,Boiled Rice
M39021,Beans
M39021,Root Vegetables
M39021,Cooking Paste
M39021,Avalakki / Poha
M39021,Whole Spices
M39021,Beans
M39021,Other Flours
M39021,Sooji & Rava
M39021,Other Rice Products
M39021,Boiled Rice
M39021,Gourd & Cucumber
M39021,Root Vegetables
M39021,Other Vegetables
M39021,Sunflower Oils
M39021,Beans
M39021,Gourd & Cucumber
M39021,Root Vegetables
M39021,Beans
M39021,Sooji & Rava
M39021,Other Vegetables
M39021,Beans
M39021,Other Rice Products
M39021,Sunflower Oils
M39021,Toor Dal
M39021,Urad Dal
M39021,Raw Peanuts
M39021,Whole Spices
M39021,Avalakki / Poha
M39021,Boiled Rice
M39021,Other Dals
M39021,Sugar
M39021,Avalakki / Poha
M39021,Cooking Paste
M39021,Sunflower Oils
M39021,Other Dals
M39021,Other Vegetables
M39021,Urad Dal
M39021,Boiled Rice
M39021,Mosquito Repellent
M39021,Root Vegetables
M39021,Avalakki / Poha
M39021,Gourd & Cucumber
M39021,Sunflower Oils
M39021,Beans
M39021,Other Vegetables
M39021,Root Vegetables
M39021,Vermicelli
M39021,Cooking Paste
M39021,Avalakki / Poha
M39021,Sunflower Oils
M39021,Vermicelli
M39021,Other Vegetables
M39021,Raw Peanuts
M39021,Beans
M39021,Brinjals
M39021,Root Vegetables
M39021,Whole Spices
M39021,Root Vegetables
M39021,Root Vegetables
M39021,Other Vegetables
M39021,Whole Spices
M39021,Gourd & Cucumber
M39021,Other Dals
M39021,Sunflower Oils
M39021,Beans
M39021,Sugar
M39021,Sooji & Rava
M39021,Beans
M39021,Cooking Paste
M39021,Toor Dal
M39021,Whole Spices
M39021,Other Dals
M39021,Root Vegetables
M39021,Beans
M39021,Brinjals
M39021,Brinjals
M39021,Root Vegetables
M39021,Whole Spices
M39021,Other Dals
M39021,Urad Dal
M39021,Other Vegetables
M39021,Sunflower Oils
M39021,Cooking Paste
M39021,Other Dals
M39021,Root Vegetables
M39021,Root Vegetables
M39021,Toor Dal
M39021,Beans
M39021,Sunflower Oils
M39021,Beans
M39021,Other Vegetables
M39021,Cooking Paste
M39021,Cookies
M39021,Sunflower Oils
M39021,Beans
M39021,Other Vegetables
M39021,Bread
M39021,Other Rice Products
M39021,Beans
M39021,Avalakki / Poha
M39021,Root Vegetables
M39021,Brinjals
M39021,Other Dals
M39021,Whole Spices
M39021,Soya Products
M39021,Whole Spices